1,[asita
3,the
1,seer
1,visits
1,newborn
1,prince].
1,nālakasuttaṃ.ānandajāte
1,tidasagaṇe
1,patīte
1,sakkañca
1,indaṃ
1,sucivasane
303,ca
1,devedussaṃ
8,gahetvā
3,atiriva
1,thomayante
1,asito
2,isi
1,addasa
1,divāvihāre..disvāna
1,deve
1,muditamane
1,udagge
1,cittiṃ
1,karitvāna
1,idamavoca
1,[karitvā
2,idamavocāsi
1,tattha‘‘kiṃ
1,devasaṅgho
1,kalyarūpo
1,dussaṃ
1,ramayatha
1,[bhamayatha
22,kiṃ
1,paṭicca..‘‘yadāpi
1,āsī
1,asurehi
1,saṅgamo
1,jayo
1,surānaṃ
1,asurā
1,parājitā.tadāpi
1,netādiso
1,lomahaṃsano
1,kimabbhutaṃ
3,daṭṭhu
2,marū
1,pamoditā..‘‘seḷenti
1,gāyanti
1,vādayanti
1,bhujāni
1,phoṭenti
1,[poṭhenti
1,pothenti
1,naccayanti
1,capucchāmi
1,vohaṃ
1,merumuddhavāsine
1,dhunātha
260,me
1,saṃsayaṃ
1,khippa
1,mārisā’’..‘‘so
2,bodhisatto
1,ratanavaro
1,atulyo
1,manussaloke
1,hitasukhatthāya
1,[hitasukhatāya
22,syā.
1,jātosakyāna
1,gāme
1,janapade
1,lumbineyye
1,tenamha
1,tuṭṭhā
1,kalyarūpā..‘‘so
1,sabbasattuttamo
1,aggapuggalo
1,narāsabho
1,sabbapajānamuttamovattessati
1,cakkamisivhaye
1,vane
1,nadaṃva
1,sīho
4,balavā
1,migābhibhū’’..taṃ
1,saddaṃ
1,sutvā
1,turitamavasarī
123,so
1,suddhodanassa
1,tada
1,bhavanaṃ
1,upāvisi
1,[upāgami
9,tattha
2,sakye
1,‘‘kuhiṃ
2,kumāro
1,ahamapi
1,daṭṭhukāmo’’..tato
2,kumāraṃ
1,jalitamiva
1,suvaṇṇaṃ
1,ukkāmukheva
1,sukusalasampahaṭṭhaṃ
1,[sukusalena
1,sampahaṭṭhaṃ
1,[daddaḷhamānaṃ
1,siriyā
1,anomavaṇṇaṃ
1,dassesu
3,puttaṃ
1,asitavhayassa
1,sakyā..disvā
1,sikhimiva
1,pajjalantaṃ
1,tārāsabhaṃva
1,nabhasigamaṃ
1,visuddhaṃsūriyaṃ
1,tapantaṃ
1,saradarivabbhamuttaṃ
1,ānandajāto
1,vipulamalattha
1,pītiṃ..anekasākhañca
1,sahassamaṇḍalaṃ
2,chattaṃ
1,dhārayumantalikkhesuvaṇṇadaṇḍā
1,vītipatanti
1,cāmarā
274,na
1,dissare
1,cāmarachattagāhakā..disvā
1,jaṭī
1,kaṇhasirivhayo
1,suvaṇṇanikkhaṃ
4,viya
1,paṇḍukambalesetañca
1,dhariyanta
1,[dhāriyanta
1,dhārayantaṃ
4,muddhani
1,udaggacitto
1,sumano
1,paṭiggahe..paṭiggahetvā
64,pana
1,sakyapuṅgavaṃ
1,jigīsato
1,[jigiṃsako
1,lakkhaṇamantapāragūpasannacitto
1,giramabbhudīrayi
1,‘‘anuttarāyaṃ
1,dvipadānamuttamo’’
1,[dipadānamuttamo
1,gamanamanussaranto
1,akalyarūpo
1,gaḷayati
1,assukānidisvāna
1,sakyā
1,isimavocuṃ
1,rudantaṃ‘‘no
11,ce
2,kumāre
17,bhavissati
1,antarāyo’’..disvāna
1,isimavoca
1,akalye
1,‘‘nāhaṃ
1,ahitamanussarāmina
1,cāpimassa
1,antarāyo
1,orakāyaṃ
1,adhimānasā
1,[adhimanasā
1,bhavātha..‘‘sambodhiyaggaṃ
1,phusissatāyaṃ
1,dhammacakkaṃ
1,paramavisuddhadassīvattessatāyaṃ
1,bahujanahitānukampī
1,vitthārikassa
1,brahmacariyaṃ..‘‘mamañca
1,āyu
1,ciramidhāvaseso
1,athantarā
1,kālakiriyāsohaṃ
1,sossaṃ
1,[sussaṃ
2,asamadhurassa
42,dhammaṃ
1,tenamhi
1,aṭṭo
1,byasanaṃgato
1,aghāvī’’..so
1,sākiyānaṃ
1,vipulaṃ
1,janetvā
1,pītiṃ
1,antepuramhā
1,niggamā
1,[niragamā
1,nigamā
1,niragama
1,brahmacārīso
1,bhāgineyyaṃ
29,sayaṃ
1,anukampamāno
1,samādapesi
1,dhamme..‘‘buddhoti
2,ghosaṃ
1,yada
1,[yadi
1,parato
1,suṇāsi
1,sambodhipatto
1,vivarati
1,dhammamaggaṃgantvāna
2,samayaṃ
1,paripucchamāno
1,[sayaṃ
1,paripucchiyāno
1,carassu
7,tasmiṃ
1,bhagavati
1,brahmacariyaṃ’’..tenānusiṭṭho
1,hitamanena
1,tādinā
1,anāgate
1,paramavisuddhadassināso
1,nālako
1,upacitapuññasañcayo
1,jinaṃ
1,patikkhaṃ
1,[pati
4,+
1,ikkhaṃ
3,=
1,patikkhaṃ]
1,parivasi
1,rakkhitindriyo..sutvāna
1,jinavaracakkavattane
1,gantvāna
32,disvā
1,isinisabhaṃ
1,pasannomoneyyaseṭṭhaṃ
1,munipavaraṃ
1,apucchi
1,samāgate
1,asitāvhayassa
1,sāsaneti.[sukhumalo
2,-
1,young
1,prince
4,and
1,his
1,luxuries].
1,‘‘sukhumālo
106,ahaṃ
211,bhikkhave
1,paramasukhumālo
1,accantasukhumālo.
6,mama
5,sudaṃ
4,pitu
3,nivesane
1,pokkharaṇiyo
1,kāritā
5,honti.
3,ekattha
1,uppalaṃ
1,vappati
1,[pupphati
1,padumaṃ
1,puṇḍarīkaṃ
13,yāvadeva
1,mamatthāya.
368,kho
1,panassāhaṃ
2,akāsikaṃ
2,candanaṃ
3,dhāremi
1,[kāsikaṃ
17,kaṃ.
2,kāsikaṃ
2,su
80,taṃ
1,veṭhanaṃ
64,hoti
1,kāsikā
1,kañcukā
1,nivāsanaṃ
1,kāsiko
1,uttarāsaṅgo.
3,rattindivaṃ
2,[rattidivaṃ
1,setacchattaṃ
1,dhārīyati
291,–
4,‘mā
16,naṃ
1,phusi
1,sītaṃ
129,vā
1,uṇhaṃ
1,tiṇaṃ
1,rajo
1,ussāvo
1,vā’’’ti.‘‘tassa
179,mayhaṃ
3,tayo
1,pāsādā
2,ahesuṃ
5,eko
1,hemantiko
1,gimhiko
1,vassiko.
2,vassike
1,pāsāde
3,cattāro
3,māse
1,nippurisehi
1,tūriyehi
1,paricārayamāno
1,[paricāriyamāno
9,pī.
1,heṭṭhāpāsādaṃ
1,orohāmi.
44,yathā
2,aññesaṃ
2,dāsakammakaraporisassa
1,kaṇājakaṃ
1,bhojanaṃ
1,dīyati
1,bilaṅgadutiyaṃ
7,evamevassu
1,sālimaṃsodano
1,dīyati.‘‘tassa
1,evarūpāya
1,iddhiyā
1,samannāgatassa
1,evarūpena
1,sukhumālena
139,etadahosi
1,‘assutavā
5,puthujjano
19,attanā
7,jarādhammo
33,samāno
3,jaraṃ
8,anatīto
11,paraṃ
2,jiṇṇaṃ
3,aṭṭīyati
3,harāyati
3,jigucchati
3,attānaṃyeva
3,atisitvā
3,ahampi
3,khomhi
1,anatīto.
5,ahañceva
1,[ahañce
3,aṭṭīyeyyaṃ
3,harāyeyyaṃ
4,jiguccheyyaṃ
4,metaṃ
3,assa
3,patirūpa’nti.
144,tassa
47,iti
11,paṭisañcikkhato
26,yo
1,yobbane
2,yobbanamado
16,sabbaso
2,pahīyi.‘‘assutavā
6,byādhidhammo
3,byādhiṃ
1,byādhitaṃ
4,‘ahampi
1,byādhikaṃ
1,ārogye
2,ārogyamado
6,maraṇadhammo
4,maraṇaṃ
3,mataṃ
7,ceva
1,jīvite
1,jīvitamado
1,pahīyī’’ti.‘‘tayome
1,madā.
3,katame
1,jīvitamado.
1,yobbanamadamatto
3,assutavā
15,kāyena
12,duccaritaṃ
4,carati
4,vācāya
4,manasā
2,carati.
6,caritvā
4,kāyassa
6,bhedā
4,maraṇā
3,apāyaṃ
3,duggatiṃ
3,vinipātaṃ
3,nirayaṃ
1,upapajjati.
2,ārogyamadamatto
1,puthujjano…pe…
2,jīvitamadamatto
1,upapajjati.‘‘yobbanamadamatto
36,bhikkhu
2,sikkhaṃ
2,paccakkhāya
1,hīnāyāvattati.
1,bhikkhu…pe…
1,hīnāyāvattatī’’ti.‘‘byādhidhammā
1,jarādhammā
2,atho
1,maraṇadhamminoyathādhammā
1,[byādhidhammo
1,maraṇadhammiko
6,dhammo
1,tathāsantā
1,jigucchanti
1,puthujjanā.‘‘ahañce
1,evaṃdhammesu
1,pāṇisuna
1,patirūpassa
57,evaṃ
1,vihārino.‘‘sohaṃ
9,viharanto
1,ñatvā
1,nirūpadhiṃārogye
1,yobbanasmiñca
1,jīvitasmiñca
22,ye
1,madā.‘‘sabbe
1,made
1,abhibhosmi
1,[atītosmi
10,nekkhamme
1,khemataṃtassa
11,ahu
1,ussāho
7,nibbānaṃ
1,abhipassato.‘‘nāhaṃ
1,bhabbo
2,etarahi
1,kāmāni
1,paṭisevituṃanivatti
1,bhavissāmi
1,brahmacariyaparāyaṇo’’ti.
1,navamaṃ[magadha
1,walking
1,padhana]pabbajjaṃ
1,kittayissāmi
1,pabbaji
1,cakkhumāyathā
1,vīmaṃsamāno
1,pabbajjaṃ
1,samarocayi..sambādhoyaṃ
2,gharāvāso
1,rajassāyatanaṃ
1,itiabbhokāsova
1,pabbajjā
1,disvāna
1,pabbaji..pabbajitvāna
1,pāpakammaṃ
1,vivajjayivacīduccaritaṃ
1,hitvā
1,ājīvaṃ
1,parisodhayi..agamā
1,rājagahaṃ
1,buddho
1,magadhānaṃ
1,giribbajaṃpiṇḍāya
2,abhihāresi
1,ākiṇṇavaralakkhaṇo..tamaddasā
1,bimbisāro
1,pāsādasmiṃ
1,patiṭṭhitodisvā
1,lakkhaṇasampannaṃ
2,imamatthaṃ
1,abhāsatha..‘‘imaṃ
23,bhonto
1,nisāmetha
1,abhirūpo
1,brahā
1,sucicaraṇena
3,sampanno
1,yugamattañca
1,pekkhati..‘‘okkhittacakkhu
6,satimā
1,nāyaṃ
1,nīcakulāmivarājadūtābhidhāvantu
1,kuhiṃ
1,gamissati’’..te
1,pesitā
1,rājadūtā
1,piṭṭhito
1,anubandhisuṃkuhiṃ
1,gamissati
1,kattha
2,vāso
1,bhavissati..sapadānaṃ
5,caramāno
1,guttadvāro
1,susaṃvutokhippaṃ
1,pattaṃ
1,apūresi
5,sampajāno
1,paṭissato..piṇḍacāraṃ
1,caritvāna
1,nikkhamma
1,nagarā
1,munipaṇḍavaṃ
2,ettha
1,bhavissati..disvāna
1,vāsūpagataṃ
2,[tato
1,dūtā
1,upāvisuṃtesu
1,ekova
1,[eko
1,dūto
3,āgantvā
1,rājino
1,paṭivedayi..‘‘esa
1,mahārāja
1,paṇḍavassa
1,puratthato
1,[purakkhato
1,byagghusabhova
1,sīhova
1,girigabbhare’’..sutvāna
1,dūtavacanaṃ
1,bhaddayānena
1,khattiyotaramānarūpo
1,niyyāsi
23,yena
1,paṇḍavapabbato..sa
1,yānabhūmiṃ
1,yāyitvā
1,yānā
1,oruyha
1,khattiyopattiko
1,upasaṅkamma
1,āsajja
1,upāvisi..nisajja
7,rājā
1,sammodi
2,kathaṃ
2,sāraṇīyaṃ
1,tatokathaṃ
2,vītisāretvā
1,abhāsatha..‘‘yuvā
1,daharo
1,cāsi
1,paṭhamuppattiko
1,[paṭhamuppattiyā
1,paṭhamuppattito
1,susuvaṇṇārohena
1,jātimā
1,khattiyo..‘‘sobhayanto
1,anīkaggaṃ
1,nāgasaṅghapurakkhatodadāmi
1,bhoge
1,bhuñjassu
3,jātiṃ
1,akkhāhi
1,pucchito’’..‘‘ujuṃ
1,janapado
1,rāja
1,himavantassa
1,passatodhanavīriyena
1,kosalesu
1,[kosalassa
1,niketino..‘‘ādiccā
1,[ādicco
14,nāma
1,gottena
1,sākiyā
1,[sākiyo
1,jātiyātamhā
1,kulā
1,pabbajitomhi
1,kāme
1,abhipatthayaṃ..‘‘kāmesvādīnavaṃ
2,nekkhammaṃ
1,khematopadhānāya
1,gamissāmi
1,rañjatī
1,mano’’ti.pabbajjāsuttaṃ
8,paṭhamaṃ
2,niṭṭhitaṃ..
1,padhānasuttaṃ.‘‘taṃ
21,maṃ
1,padhānapahitattaṃ
1,nadiṃ
1,nerañjaraṃ
1,pativiparakkamma
1,jhāyantaṃ
1,yogakkhemassa
1,pattiyā..‘‘namucī
1,karuṇaṃ
1,vācaṃ
1,bhāsamāno
1,upāgami‘kiso
1,tvamasi
1,dubbaṇṇo
2,santike
1,tava..‘‘‘sahassabhāgo
1,maraṇassa
1,ekaṃso
1,tava
1,jīvitaṃjīva
8,bho
1,jīvitaṃ
2,seyyo
1,jīvaṃ
1,puññāni
1,kāhasi..‘‘‘carato
52,te
7,brahmacariyaṃ
1,aggihuttañca
1,jūhatopahūtaṃ
1,cīyate
1,puññaṃ
1,padhānena
1,kāhasi..‘‘‘duggo
9,maggo
1,padhānāya
1,dukkaro
1,durabhisambhavo’’’imā
1,gāthā
1,bhaṇaṃ
2,māro
1,aṭṭhā
1,buddhassa
1,santike..taṃ
1,tathāvādinaṃ
2,māraṃ
13,bhagavā
1,etadabravi‘‘pamattabandhu
1,pāpima
1,yenatthena
1,[senatthena
1,attano
1,atthena
1,idhāgato..‘‘aṇumattopi
1,[aṇumattenapi
2,puññena
3,attho
1,vijjatiyesañca
1,vattumarahati..‘‘atthi
5,saddhā
41,tathā
1,tapo
14,vīriyaṃ
10,paññā
1,vijjatievaṃ
1,pahitattampi
1,jīvamanupucchasi..‘‘nadīnamapi
1,sotāni
53,ayaṃ
2,vāto
1,visosayekiñca
9,pahitattassa
1,lohitaṃ
1,nupasussaye..‘‘lohite
1,sussamānamhi
1,pittaṃ
1,semhañca
1,sussatimaṃsesu
1,khīyamānesu
15,bhiyyo
111,cittaṃ
1,pasīdatibhiyyo
31,sati
29,samādhi
1,tiṭṭhati..‘‘tassa
1,mevaṃ
15,viharato
1,pattassuttamavedanaṃkāmesu
1,[kāme
1,nāpekkhate
1,passa
1,sattassa
1,suddhataṃ..‘‘kāmā
4,paṭhamā
2,senā
4,dutiyā
1,arati
1,vuccatitatiyā
1,khuppipāsā
1,catutthī
4,taṇhā
1,pavuccati..‘‘pañcamaṃ
1,[pañcamī
11,thinamiddhaṃ
1,chaṭṭhā
1,bhīrū
1,pavuccatisattamī
13,vicikicchā
1,makkho
1,thambho
1,aṭṭhamo..‘‘lābho
1,siloko
1,sakkāro
1,micchāladdho
1,yasoyo
1,cattānaṃ
1,samukkaṃse
1,pare
1,avajānati..‘‘esā
1,namuci
1,kaṇhassābhippahārinīna
1,asūro
1,jināti
1,jetvā
1,labhate
1,sukhaṃ..‘‘esa
1,muñjaṃ
1,parihare
1,dhiratthu
1,[ida
1,jīvitaṃsaṅgāme
54,yaṃ
1,jīve
1,parājito..‘‘pagāḷhettha
3,dissanti
2,eke
1,samaṇabrāhmaṇātañca
4,maggaṃ
1,jānanti
1,gacchanti
1,subbatā..‘‘samantā
1,dhajiniṃ
1,yuttaṃ
1,savāhanaṃyuddhāya
1,paccuggacchāmi
1,mā
1,ṭhānā
1,acāvayi..‘‘yaṃ
1,nappasahati
1,senaṃ
4,loko
1,sadevakotaṃ
12,paññāya
1,bhecchāmi
1,[gacchāmi
1,vecchāmi
1,vajjhāmi
1,āmaṃ
1,pattaṃva
1,asmanā
1,[pakkaṃva
1,amunā
1,[vasiṃ
1,karitvā
1,saṅkappaṃ
1,satiñca
1,sūpatiṭṭhitaṃraṭṭhā
1,raṭṭhaṃ
1,vicarissaṃ
1,sāvake
1,vinayaṃ
1,puthū..‘‘te
2,appamattā
2,pahitattā
1,sāsanakārakāakāmassa
1,[akāmā
1,gamissanti
27,yattha
2,gantvā
1,socare’’..‘‘satta
1,vassāni
3,bhagavantaṃ
1,anubandhiṃ
1,padāpadaṃotāraṃ
1,nādhigacchissaṃ
1,sambuddhassa
1,satīmato..‘‘medavaṇṇaṃva
1,pāsāṇaṃ
1,vāyaso
1,anupariyagāapettha
1,muduṃ
1,[mudu
1,vindema
7,api
1,assādanā
1,siyā..‘‘aladdhā
1,assādaṃ
1,vāyasetto
1,apakkamikākova
1,selamāsajja
1,nibbijjāpema
1,gotamaṃ’’..tassa
1,sokaparetassa
1,vīṇā
1,kacchā
1,abhassathatato
1,dummano
1,yakkho
1,tatthevantaradhāyathāti.[vinnyananirodho
1,maggo].
2,sāvatthiyaṃ
2,viharati…pe…
1,‘‘pubbe
36,sambodhā
29,anabhisambuddhassa
29,bodhisattasseva
35,sato
1,‘kicchā
2,vatāyaṃ
2,āpanno
2,jāyati
2,jīyati
2,mīyati
2,cavati
2,upapajjati
5,ca.
11,atha
2,panimassa
9,dukkhassa
13,nissaraṇaṃ
2,nappajānāti
2,jarāmaraṇassa.
2,kudāssu
16,imassa
2,paññāyissati
1,jarāmaraṇassā’ti
10,‘kimhi
44,nu
9,jarāmaraṇaṃ
5,kiṃpaccayā
2,jarāmaraṇa’nti
10,yoniso
10,manasikārā
10,abhisamayo
4,‘jātiyā
2,jātipaccayā
2,jarāmaraṇa’’’nti.‘‘tassa
13,jāti
4,hoti…pe…
2,bhavo
13,hoti…
3,upādānaṃ
29,vedanā
2,phasso
4,saḷāyatanaṃ
6,nāmarūpaṃ
1,nāmarūpa’nti
2,‘viññāṇe
2,viññāṇapaccayā
1,nāmarūpa’nti.
10,viññāṇaṃ
2,viññāṇa’nti
2,‘nāmarūpe
3,nāmarūpapaccayā
1,viññāṇa’’’nti.‘‘tassa
1,paccudāvattati
19,idaṃ
1,nāmarūpamhā
4,gacchati.
3,ettāvatā
1,jāyetha
1,jīyetha
1,mīyetha
1,cavetha
1,upapajjetha
2,yadidaṃ
1,saḷāyatanapaccayā
1,phasso…pe…
4,evametassa
4,kevalassa
4,dukkhakkhandhassa
2,samudayo
13,hoti.
2,‘samudayo
2,samudayo’ti
11,pubbe
4,ananussutesu
5,dhammesu
6,cakkhuṃ
39,udapādi
5,ñāṇaṃ
12,vijjā
8,āloko
2,udapādi.‘‘tassa
10,asati
11,kissa
5,nirodhā
2,jarāmaraṇanirodho’ti
2,jātinirodhā
1,jarāmaraṇanirodho’ti.
1,nāmarūpanirodho’ti
2,viññāṇanirodhā
1,nāmarūpanirodho’’’ti.‘‘tassa
1,viññāṇanirodho’ti
3,nāmarūpanirodhā
1,viññāṇanirodho’’’ti.‘‘tassa
2,adhigato
1,myāyaṃ
2,bodhāya
1,viññāṇanirodho
1,nāmarūpanirodho
1,saḷāyatananirodho
1,saḷāyatananirodhā
1,phassanirodho…pe…
2,nirodho
2,‘nirodho
2,nirodho’ti
1,udapādi.‘‘seyyathāpi
21,puriso
16,araññe
2,pavane
2,passeyya
7,purāṇaṃ
3,purāṇañjasaṃ
7,pubbakehi
4,manussehi
1,anuyātaṃ.
1,tamanugaccheyya.
5,tamanugacchanto
5,nagaraṃ
2,rājadhāniṃ
2,ajjhāvuṭṭhaṃ
1,[ajjhāvutthaṃ
2,ārāmasampannaṃ
2,vanasampannaṃ
2,pokkharaṇīsampannaṃ
2,uddhāpavantaṃ
1,[uddāpavantaṃ
2,ramaṇīyaṃ.
6,rañño
1,rājamahāmattassa
1,āroceyya
1,‘yagghe
8,bhante
1,jāneyyāsi
4,addasaṃ
1,anuyātaṃ
1,tamanugacchiṃ.
1,māpehī’ti.
1,rājamahāmatto
1,māpeyya.
1,tadassa
17,aparena
18,samayena
2,iddhañceva
2,phītañca
2,bāhujaññaṃ
1,ākiṇṇamanussaṃ
1,vuddhivepullappattaṃ.
15,evameva
12,khvāhaṃ
3,sammāsambuddhehi
1,anuyātaṃ.‘‘katamo
2,purāṇamaggo
2,purāṇañjaso
2,anuyāto
17,ayameva
2,ariyo
2,aṭṭhaṅgiko
4,seyyathidaṃ
1,sammādiṭṭhi…pe…
1,sammāsamādhi.
3,tamanugacchiṃ
18,abbhaññāsiṃ
1,jarāmaraṇasamudayaṃ
1,jarāmaraṇanirodhaṃ
1,jarāmaraṇanirodhagāminiṃ
2,paṭipadaṃ
6,abbhaññāsiṃ.
1,abbhaññāsiṃ…pe…
1,bhavaṃ
7,abbhaññāsiṃ…
1,taṇhaṃ
16,vedanaṃ
1,phassaṃ
2,saṅkhāre
1,saṅkhārasamudayaṃ
1,saṅkhāranirodhaṃ
1,saṅkhāranirodhagāminiṃ
1,tadabhiññā
1,ācikkhiṃ
3,bhikkhūnaṃ
1,bhikkhunīnaṃ
1,upāsakānaṃ
1,upāsikānaṃ.
1,tayidaṃ
1,vitthārikaṃ
1,puthubhūtaṃ
10,yāva
2,devamanussehi
1,suppakāsita’’nti.
2,pañcamaṃ..
9,‘‘pubbeva
21,‘ko
5,pathavīdhātuyā
18,assādo
50,ko
26,ādīnavo
1,āpodhātuyā
1,tejodhātuyā
5,vāyodhātuyā
1,nissaraṇa’’’nti‘‘tassa
6,‘yaṃ
1,pathavīdhātuṃ
15,paṭicca
18,uppajjati
17,sukhaṃ
12,somanassaṃ
3,[yā
1,pathavīdhātu
7,aniccā
23,dukkhā
7,vipariṇāmadhammā
13,chandarāgavinayo
12,chandarāgappahānaṃ
7,nissaraṇaṃ.
1,āpodhātuṃ
2,paṭicca…pe…
1,tejodhātuṃ
1,vāyodhātuṃ
1,vāyodhātu
2,nissaraṇaṃ’’’.‘‘yāvakīvañcāhaṃ
2,imāsaṃ
2,catunnaṃ
2,dhātūnaṃ
10,assādañca
10,assādato
10,ādīnavañca
10,ādīnavato
10,nissaraṇañca
10,nissaraṇato
19,yathābhūtaṃ
18,neva
7,tāvāhaṃ
12,sadevake
21,loke
14,samārake
14,sabrahmake
14,sassamaṇabrāhmaṇiyā
14,pajāya
14,sadevamanussāya
18,anuttaraṃ
14,sammāsambodhiṃ
4,abhisambuddhoti
4,[abhisambuddho
1,paccaññāsiṃ.‘‘yato
7,athāhaṃ
11,paccaññāsiṃ.
8,ñāṇañca
8,dassanaṃ
6,‘akuppā
5,vimutti
4,[cetovimutti
8,ayamantimā
11,natthi
10,dāni
6,punabbhavo’’’ti.
1,dutiyaṃ.[assado].
3,sāvatthinidānaṃ.
1,[pubbe
1,[bodhisattassa
4,rūpassa
8,vedanāya
1,saññāya
4,saṅkhārānaṃ
4,viññāṇassa
6,nissaraṇa’nti
2,rūpaṃ
9,assādo.
3,aniccaṃ
13,dukkhaṃ
3,vipariṇāmadhammaṃ
10,ādīnavo.
1,rūpasmiṃ
1,saññaṃ
1,uppajjati…pe…
1,[ye
6,saṅkhārā
1,saṅkhāresu
1,viññāṇasmiṃ
7,imesaṃ
2,pañcannaṃ
2,upādānakkhandhānaṃ
4,nābbhaññāsiṃ
2,paccaññāsiṃ
9,yato
4,cakkhussa
1,sotassa…pe…
1,ghānassa…
1,jivhāya…
1,kāyassa…
4,manassa
1,cakkhusmiṃ
1,sotaṃ…pe…
1,ghānaṃ…pe…
1,jivhaṃ
8,jivhāya
6,jivhā
1,kāyaṃ…pe…
1,manaṃ
1,[yo
11,mano
2,anicco
2,dukkho
2,vipariṇāmadhammo
1,manasmiṃ
2,nissaraṇa’’’nti.‘‘yāvakīvañcāhaṃ
4,channaṃ
2,ajjhattikānaṃ
4,āyatanānaṃ
9,‘anuttaraṃ
10,abhisambuddho’ti
1,[sabbatthāpi
1,itisaddena
1,saha
2,dissati]
1,evamuparipi]
1,paṭhamaṃ..
1,dutiyapubbesambodhasuttaṃ.
11,rūpānaṃ
1,saddānaṃ…pe…
1,gandhānaṃ…
1,rasānaṃ…
1,phoṭṭhabbānaṃ…
7,dhammānaṃ
1,rūpe
1,rūpā
3,rūpesu
1,sadde…
1,gandhe…
1,rase…
1,phoṭṭhabbe…
5,dhamme
3,dhammā
2,bāhirānaṃ
1,dutiyaṃ..
1,‘katamā
2,katamo
1,vedanāsamudayo
2,katamā
2,vedanāsamudayagāminī
2,paṭipadā
1,vedanānirodho
1,vedanānirodhagāminī
1,‘tisso
8,imā
8,sukhā
1,adukkhamasukhā
2,vedanā.
1,vuccanti
1,phassasamudayā
1,vedanāsamudayo.
1,paṭipadā…pe…
1,chandarāgappahānaṃ.
1,nissaraṇa’’’nti.
1,catutthaṃ..
2,lokaṃ
2,[loke
1,[lokanissaraṇaṃ
1,‘‘loke
1,nissaraṇa’’nti
1,padena
1,saṃsanditabbaṃ].
1,yāvakīvañcāhaṃ
2,lokassa
2,[kho
1,khohaṃ
1,paṭhamaṃ.[the
1,dreams
1,prior
1,to
1,awakening].
1,‘‘tathāgatassa
16,arahato
15,sammāsambuddhassa
28,pubbeva
12,pañca
2,mahāsupinā
1,pāturahesuṃ.
13,tathāgatassa
2,mahāpathavī
2,mahāsayanaṃ
37,ahosi
2,himavā
2,pabbatarājā
2,bibbohanaṃ
1,[bibbohanaṃ
1,bimba
1,ohanaṃ
2,padavibhāgo]
2,puratthime
6,samudde
2,vāmo
4,hattho
4,ohito
5,pacchime
2,dakkhiṇo
2,dakkhiṇe
3,ubho
2,pādā
2,ohitā
1,ahesuṃ.
2,paṭhamo
10,mahāsupino
4,pāturahosi.‘‘puna
4,caparaṃ
2,tiriyā
2,tiṇajāti
2,nābhiyā
2,uggantvā
2,nabhaṃ
6,āhacca
2,ṭhitā
5,ahosi.
2,dutiyo
2,setā
2,kimī
2,kaṇhasīsā
2,pādehi
2,ussakkitvā
1,katthaci
2,jāṇumaṇḍalā
1,paṭicchādesuṃ.
2,tatiyo
2,sakuṇā
2,nānāvaṇṇā
2,catūhi
2,disāhi
2,pādamūle
2,nipatitvā
2,sabbasetā
1,sampajjiṃsu.
2,catuttho
4,tathāgato
3,arahaṃ
2,sammāsambuddho
7,anabhisambuddho
7,bodhisattova
3,mahato
2,mīḷhapabbatassa
2,uparūpari
2,caṅkamati
2,alippamāno
1,mīḷhena.
2,pañcamo
5,pāturahosi.‘‘yampi
2,tathāgatena
2,arahatā
2,sammāsambuddhena
1,anuttarā
1,sammāsambodhi
1,abhisambuddhā.
1,tassā
5,abhisambodhāya
1,abhisambujjhitvā
1,suppakāsito.
1,paṭicchādesuṃ
1,bahū
1,gihī
1,odātavasanā
1,tathāgataṃ
1,pāṇupetā
1,[pāṇupetaṃ
1,saraṇaṃ
1,gatā.
1,sampajjiṃsu
1,cattārome
1,vaṇṇā
1,khattiyā
21,brāhmaṇā
1,vessā
1,suddā
1,tathāgatappavedite
4,dhammavinaye
4,agārasmā
4,anagāriyaṃ
1,pabbajitvā
1,vimuttiṃ
1,sacchikaronti.
1,mīḷhena
1,lābhī
1,cīvarapiṇḍapātasenāsanagilānappaccayabhesajjaparikkhārānaṃ
1,[tattha
1,agathito
1,[agadhito
1,amucchito
1,anajjhosanno
1,[anajjhāpanno
1,anajjhopanno
1,ādīnavadassāvī
1,nissaraṇapañño
1,paribhuñjati.
1,pāturahosi.‘‘tathāgatassa
2,ime
1,pāturahesu’’nti.
1,chaṭṭhaṃ.[jhanic
1,stepladder]‘‘evametaṃ
95,ānanda
1,evametaṃ
1,mayhampi
1,‘sādhu
2,sādhu
1,paviveko’ti.
36,pakkhandati
27,nappasīdati
36,santiṭṭhati
36,vimuccati
47,etaṃ
45,santanti
18,passato.
18,hetu
15,paccayo
9,passato’
1,‘kāmesu
9,adiṭṭho
9,abahulīkato
9,ānisaṃso
9,anadhigato
9,anāsevito.
11,tasmā
18,passato’.
13,‘sace
7,kāmesu
25,ādīnavaṃ
13,bahulaṃ
9,kareyyaṃ
1,[bahulīkareyyaṃ
19,ānisaṃsaṃ
18,adhigamma
9,tamāseveyyaṃ
9,ṭhānaṃ
9,panetaṃ
9,vijjati
9,pakkhandeyya
9,pasīdeyya
9,santiṭṭheyya
9,vimucceyya
10,bahulamakāsiṃ
9,tamāseviṃ.
9,pasīdati
5,vivicceva
11,kāmehi
6,vivicca
8,akusalehi
6,dhammehi
6,savitakkaṃ
7,savicāraṃ
6,vivekajaṃ
10,pītisukhaṃ
30,jhānaṃ
69,upasampajja
10,viharāmi.
10,iminā
10,vihārena
2,kāmasahagatā
16,saññāmanasikārā
16,samudācaranti.
16,svassa
8,ābādho.
33,seyyathāpi
8,sukhino
10,uppajjeyya
8,ābādhāya
8,evamevassa
8,ābādho.‘‘tassa
18,‘yaṃnūnāhaṃ
5,vitakkavicārānaṃ
2,vūpasamā…pe…
8,dutiyaṃ
9,vihareyya’nti.
8,avitakke
1,‘vitakkesu
2,vitakkesu
2,vitakkasahagatā
7,pītiyā
5,virāgā
8,upekkhako
4,vihareyyaṃ
5,sukhañca
2,paṭisaṃvedeyyaṃ
19,ariyā
5,ācikkhanti
2,sukhavihārīti
6,tatiyaṃ
8,nippītike
2,‘pītiyā
1,virāgā…pe…
2,pītisahagatā
7,sukhassa
10,pahānā
5,somanassadomanassānaṃ
8,atthaṅgamā
7,adukkhamasukhaṃ
5,upekkhāsatipārisuddhiṃ
6,catutthaṃ
8,adukkhamasukhe
1,‘upekkhāsukhe
2,upekkhāsukhe
1,pahānā…pe…
2,upekkhāsahagatā
3,rūpasaññānaṃ
3,samatikkamā
3,paṭighasaññānaṃ
3,nānattasaññānaṃ
3,amanasikārā
1,‘‘ananto
1,ākāso’’ti
6,ākāsānañcāyatanaṃ
10,ākāsānañcāyatane
1,‘rūpesu
1,‘ananto
1,ākāso’ti
2,rūpasahagatā
12,samatikkamma
1,‘‘anantaṃ
1,viññāṇa’’nti
6,viññāṇañcāyatanaṃ
10,viññāṇañcāyatane
1,‘ākāsānañcāyatane
1,‘anantaṃ
2,ākāsānañcāyatanasahagatā
2,kiñcīti
7,ākiñcaññāyatanaṃ
10,ākiñcaññāyatane
1,‘viññāṇañcāyatane
1,‘natthi
1,kiñcī’ti
2,viññāṇañcāyatanasahagatā
7,nevasaññānāsaññāyatanaṃ
10,nevasaññānāsaññāyatane
1,‘ākiñcaññāyatane
2,ākiñcaññāyatanasahagatā
3,saññāvedayitanirodhaṃ
8,saññāvedayitanirodhe
1,‘nevasaññānāsaññāyatane
2,viharāmi
1,āsavā
1,parikkhayaṃ
1,agamaṃsu.‘‘yāvakīvañcāhaṃ
2,nava
2,anupubbavihārasamāpattiyo
2,anulomapaṭilomaṃ
2,samāpajjimpi
2,vuṭṭhahimpi
2,cetovimutti
2,[vimutti
2,sī.
1,dasamaṃ.[forest
1,fear].
1,‘‘mayhampi
47,brāhmaṇa
1,‘durabhisambhavāni
24,hi
43,araññavanapatthāni
43,pantāni
43,senāsanāni
1,dukkaraṃ
1,pavivekaṃ
1,durabhiramaṃ
1,ekatte
1,haranti
1,maññe
1,vanāni
9,samādhiṃ
1,alabhamānassa
1,bhikkhuno’ti.
17,‘ye
20,keci
20,samaṇā
1,aparisuddhakāyakammantā
28,paṭisevanti
1,aparisuddhakāyakammantasandosahetu
14,have
21,samaṇabrāhmaṇā
14,akusalaṃ
26,bhayabheravaṃ
14,avhāyanti.
17,panāhaṃ
1,aparisuddhakāyakammanto
14,paṭisevāmi
1,parisuddhakāyakammantohamasmi.
20,vo
1,parisuddhakāyakammantā
14,tesamahaṃ
14,aññataro’ti.
14,etamahaṃ
1,parisuddhakāyakammataṃ
14,attani
14,sampassamāno
14,pallomamāpādiṃ
13,vihārāya..
25,‘‘tassa
1,aparisuddhavacīkammantā…pe…
1,aparisuddhamanokammantā
2,…pe…
1,aparisuddhājīvā
1,aparisuddhājīvasandosahetu
1,aparisuddhājīvo
1,parisuddhājīvohamasmi.
1,parisuddhājīvā
1,parisuddhājīvataṃ
1,abhijjhālū
1,tibbasārāgā
1,abhijjhālukāmesutibbasārāgasandosahetu
1,abhijjhālu
1,tibbasārāgo
1,anabhijjhālūhamasmi.
1,anabhijjhālū
1,anabhijjhālutaṃ
1,byāpannacittā
1,paduṭṭhamanasaṅkappā
1,byāpannacittapaduṭṭhamanasaṅkappasandosahetu
1,byāpannacitto
1,paduṭṭhamanasaṅkappo
1,mettacittohamasmi.
1,mettacittā
1,mettacittataṃ
1,thīnamiddhapariyuṭṭhitā
1,thīnamiddhapariyuṭṭhānasandosahetu
1,thīnamiddhapariyuṭṭhito
1,vigatathīnamiddhohamasmi.
1,vigatathīnamiddhā
1,vigatathīnamiddhataṃ
1,uddhatā
1,avūpasantacittā
1,uddhataavūpasantacittasandosahetu
1,uddhato
1,avūpasantacitto
1,vūpasantacittohamasmi.
1,vūpasantacittā
1,vūpasantacittataṃ
2,kaṅkhī
2,vicikicchī
1,kaṅkhivicikicchisandosahetu
1,tiṇṇavicikicchohamasmi.
1,tiṇṇavicikicchā
1,tiṇṇavicikicchataṃ
1,attukkaṃsakā
2,paravambhī
1,attukkaṃsanaparavambhanasandosahetu
1,attukkaṃsako
1,anattukkaṃsako
1,aparavambhīhamasmi.
1,anattukkaṃsakā
1,aparavambhī
1,anattukkaṃsakataṃ
1,aparavambhitaṃ
2,chambhī
1,bhīrukajātikā
1,chambhibhīrukajātikasandosahetu
1,bhīrukajātiko
1,vigatalomahaṃsohamasmi.
1,vigatalomahaṃsā
1,vigatalomahaṃsataṃ
2,lābhasakkārasilokaṃ
1,nikāmayamānā
1,lābhasakkārasilokanikāmana
1,[nikāmayamāna
1,sandosahetu
1,nikāmayamāno
1,appicchohamasmi.
1,appicchā
1,appicchataṃ
1,kusītā
1,hīnavīriyā
1,kusītahīnavīriyasandosahetu
1,kusīto
1,hīnavīriyo
1,āraddhavīriyohamasmi.
1,āraddhavīriyā
1,āraddhavīriyataṃ
1,muṭṭhassatī
1,asampajānā
1,muṭṭhassatiasampajānasandosahetu
1,muṭṭhassati
1,asampajāno
1,upaṭṭhitassatihamasmi.
1,upaṭṭhitassatī
1,upaṭṭhitassatitaṃ
1,asamāhitā
1,vibbhantacittā
1,asamāhitavibbhantacittasandosahetu
1,asamāhito
1,vibbhantacitto
1,samādhisampannohamasmi.
1,samādhisampannā
1,samādhisampadaṃ
1,duppaññā
1,eḷamūgā
1,duppaññaeḷamūgasandosahetu
1,duppañño
1,eḷamūgo
1,paññāsampannohamasmi.
1,paññāsampannā
1,paññāsampadaṃ
1,vihārāya.soḷasapariyāyaṃ
2,yā
24,tā
2,rattiyo
2,abhiññātā
2,abhilakkhitā
2,cātuddasī
2,pañcadasī
2,aṭṭhamī
2,pakkhassa
2,tathārūpāsu
2,rattīsu
2,yāni
2,tāni
2,ārāmacetiyāni
2,vanacetiyāni
2,rukkhacetiyāni
2,bhiṃsanakāni
2,salomahaṃsāni
2,tathārūpesu
2,senāsanesu
1,appeva
1,nāmāhaṃ
1,passeyya’nti.
1,mago
2,āgacchati
1,moro
10,kaṭṭhaṃ
1,pāteti
1,paṇṇakasaṭaṃ
1,[paṇṇasaṭaṃ
1,ereti
1,[tassa
1,‘etaṃ
1,nūna
1,āgacchatī’ti.
3,‘kiṃ
1,aññadatthu
1,bhayapaṭikaṅkhī
1,[bhayapāṭikaṅkhī
6,yaṃnūnāhaṃ
2,yathābhūtassa
1,[yathābhūtassa
1,tathābhūtaṃ
1,tathābhūtova
1,[yathābhūto
1,yathābhūtova
1,paṭivineyya’nti.
1,caṅkamantassa
4,āgacchati.
5,tāva
3,tiṭṭhāmi
3,nisīdāmi
2,nipajjāmi
1,caṅkamantova
3,paṭivinemi.
1,ṭhitassa
3,caṅkamāmi
1,nipajjāmi.
1,ṭhitova
1,nisinnassa
1,nisinnova
1,nipannassa
1,nipannova
1,paṭivinemi..
1,‘‘santi
2,rattiṃyeva
5,samānaṃ
2,divāti
1,sañjānanti
2,divāyeva
2,rattīti
1,sañjānanti.
1,idamahaṃ
8,tesaṃ
1,samaṇabrāhmaṇānaṃ
1,sammohavihārasmiṃ
1,vadāmi.
21,sañjānāmi
1,sañjānāmi.
2,sammā
2,vadamāno
2,vadeyya
2,‘asammohadhammo
2,satto
6,uppanno
2,bahujanahitāya
2,bahujanasukhāya
2,lokānukampāya
2,atthāya
2,hitāya
2,sukhāya
1,devamanussāna’nti
1,mameva
1,devamanussāna’nti..
2,‘‘āraddhaṃ
8,asallīnaṃ
8,upaṭṭhitā
3,asammuṭṭhā
1,[appammuṭṭhā
2,passaddho
13,kāyo
2,asāraddho
3,samāhitaṃ
2,ekaggaṃ.
10,vihāsiṃ.
4,vūpasamā
11,ajjhattaṃ
4,sampasādanaṃ
10,cetaso
4,ekodibhāvaṃ
4,avitakkaṃ
5,avicāraṃ
4,samādhijaṃ
3,vihāsiṃ
3,paṭisaṃvedesiṃ
3,‘upekkhako
3,sukhavihārī’ti
2,vihāsiṃ..
11,‘‘so
5,samāhite
7,citte
5,parisuddhe
5,pariyodāte
5,anaṅgaṇe
5,vigatūpakkilese
5,mudubhūte
5,kammaniye
5,ṭhite
1,[iddhipada].
1,iddhipādabhāvanāyā’ti
1,‘idha
1,chandasamādhippadhānasaṅkhārasamannāgataṃ
6,iddhipādaṃ
4,bhāveti
1,chando
1,atilīno
1,atippaggahito
1,saṃkhitto
4,bahiddhā
1,vikkhitto
4,bhavissati.
4,pacchāpuresaññī
5,viharati
8,pure
8,pacchā
8,adho
10,uddhaṃ
4,divā
16,rattiṃ
4,divā.
4,vivaṭena
9,cetasā
4,apariyonaddhena
4,sappabhāsaṃ
1,bhāveti’’’.‘‘vīriyasamādhippadhānasaṅkhārasamannāgataṃ
2,atilīnaṃ
2,atippaggahitaṃ
3,saṃkhittaṃ
3,vikkhittaṃ
1,bhāveti.‘‘cittasamādhippadhānasaṅkhārasamannāgataṃ
1,bhāveti.‘‘vīmaṃsāsamādhippadhānasaṅkhārasamannāgataṃ
1,vīmaṃsā
1,atilīnā
1,atippaggahitā
1,saṃkhittā
1,vikkhittā
1,bhāveti.‘‘evaṃ
6,bhāvitesu
6,catūsu
6,iddhipādesu
6,bahulīkatesu
7,anekavihitaṃ
2,iddhividhaṃ
1,paccanubhoti
1,ekopi
3,hutvā
1,bahudhā
1,bahudhāpi
1,āvibhāvaṃ
1,tirobhāvaṃ
1,tirokuṭṭaṃ
1,tiropākāraṃ
1,tiropabbataṃ
1,asajjamāno
9,gacchati
1,ākāse
1,pathaviyāpi
1,ummujjanimujjaṃ
1,karoti
4,udake
1,udakepi
1,abhijjamāne
1,[abhijjamāno
1,pathaviyaṃ
1,ākāsepi
2,pallaṅkena
1,kamati
1,pakkhī
1,sakuṇo
1,imepi
1,candimasūriye
1,evaṃmahiddhike
1,evaṃmahānubhāve
3,pāṇinā
1,parimasati
1,[parāmasati
1,parimajjati
2,brahmalokāpi
2,vasaṃ
1,vatteti.‘‘evaṃ
1,dibbāya
1,sotadhātuyā
1,visuddhāya
1,atikkantamānusikāya
1,sadde
1,suṇāti
1,dibbe
1,mānuse
1,dūre
1,cāti.‘‘evaṃ
1,parasattānaṃ
1,parapuggalānaṃ
1,ceto
1,paricca
1,pajānāti.
1,sarāgaṃ
1,‘sarāgaṃ
16,citta’nti
28,pajānāti
1,vītarāgaṃ
1,‘vītarāgaṃ
1,sadosaṃ
1,‘sadosaṃ
1,vītadosaṃ
1,‘vītadosaṃ
1,samohaṃ
1,‘samohaṃ
1,vītamohaṃ
1,‘vītamohaṃ
1,‘saṃkhittaṃ
1,‘vikkhittaṃ
1,mahaggataṃ
1,‘mahaggataṃ
1,amahaggataṃ
1,‘amahaggataṃ
1,sauttaraṃ
1,‘sauttaraṃ
1,‘samāhitaṃ
1,asamāhitaṃ
1,‘asamāhitaṃ
1,vimuttaṃ
1,‘vimuttaṃ
1,avimuttaṃ
1,‘avimuttaṃ
1,pajānāti’’.‘‘evaṃ
6,pubbenivāsaṃ
1,anussarati
3,ekampi
1,dvepi
9,jātiyo
1,tissopi
1,catassopi
1,pañcapi
1,dasapi
1,vīsampi
1,tiṃsampi
1,cattālīsampi
1,paññāsampi
1,jātisatampi
1,jātisahassampi
1,jātisatasahassampi
3,anekepi
1,saṃvaṭṭakappe
1,vivaṭṭakappe
1,saṃvaṭṭavivaṭṭakappe
1,‘amutrāsiṃ
2,evaṃnāmo
2,evaṃgotto
2,evaṃvaṇṇo
2,evamāhāro
2,evaṃsukhadukkhappaṭisaṃvedī
2,evamāyupariyanto
4,tato
2,cuto
1,amutra
1,udapādiṃ
1,[uppādiṃ
1,tatrāpāsiṃ
1,idhūpapanno’ti.
3,sākāraṃ
3,sauddesaṃ
1,anussarati.‘‘evaṃ
3,dibbena
5,cakkhunā
3,visuddhena
3,atikkantamānusakena
6,satte
3,passati
3,cavamāne
3,upapajjamāne
3,hīne
3,paṇīte
3,suvaṇṇe
3,dubbaṇṇe
3,sugate
3,duggate
3,yathākammūpage
2,‘ime
2,vata
2,sattā
1,kāyaduccaritena
6,samannāgatā
1,vacīduccaritena
1,manoduccaritena
2,ariyānaṃ
1,upavādakā
1,micchādiṭṭhikā
1,micchādiṭṭhikammasamādānā
1,upapannā.
1,kāyasucaritena
1,vacīsucaritena
1,manosucaritena
1,anupavādakā
1,sammādiṭṭhikā
1,sammādiṭṭhikammasamādānā
1,sugatiṃ
1,saggaṃ
1,upapannā’ti.
1,pajānāti.‘‘evaṃ
2,āsavānaṃ
2,khayā
2,anāsavaṃ
2,cetovimuttiṃ
2,paññāvimuttiṃ
2,diṭṭheva
28,abhiññā
28,sacchikatvā
1,viharatī’’ti.
1,paṭhamaṃ.==.
1,‘‘pubbevāhaṃ
9,bhāvesiṃ
1,bahulīkāsiṃ
1,[bahulimakāsiṃ
1,chandasamādhipadhānasaṅkhārasamannāgataṃ
1,vīriyasamādhi…
1,cittasamādhi…
1,vīmaṃsāsamādhipadhānasaṅkhārasamannāgataṃ
1,ussoḷhiññeva
1,pañcamiṃ.
1,ussoḷhipañcamānaṃ
1,bhāvitattā
1,bahulīkatattā
2,yassa
1,abhiññāsacchikaraṇīyassa
3,dhammassa
1,abhininnāmesiṃ
1,abhiññāsacchikiriyāya
8,tatra
3,tatreva
3,sakkhibhabbataṃ
3,pāpuṇiṃ
2,āyatane.‘‘so
3,sace
1,ākaṅkhiṃ
1,‘anekavihitaṃ
1,paccanubhaveyyaṃ…pe…
1,vatteyya’nti
1,ākaṅkhiṃ…pe…
1,‘āsavānaṃ
14,vihareyya’nti
1,āyatane’’ti.
1,aṭṭhamaṃ.[kamaguna
1,atita].
2,‘yeme
4,kāmaguṇā
4,samphuṭṭhapubbā
4,atītā
4,niruddhā
4,vipariṇatā
2,gacchamānaṃ
2,gaccheyya
2,paccuppannesu
2,appaṃ
1,anāgatesu’.
1,attarūpena
2,appamādo
2,ārakkho
1,karaṇīyo’.
5,tasmātiha
2,tumhākampi
1,anāgatesu.
1,attarūpehi
1,karaṇīyo.
32,se
32,āyatane
9,veditabbe
11,cakkhu
46,nirujjhati
9,rūpasaññā
14,veditabbe…pe…
5,rasasaññā
9,dhammasaññā
1,veditabbe’’ti.
1,vatvā
9,uṭṭhāyāsanā
8,vihāraṃ
1,pāvisi.atha
3,acirapakkantassa
3,bhagavato
2,‘‘idaṃ
32,no
29,āvuso
15,saṃkhittena
7,uddesaṃ
7,uddisitvā
23,vitthārena
23,atthaṃ
7,avibhajitvā
7,paviṭṭho
6,‘tasmātiha
7,veditabbe’ti.
9,bhagavatā
8,uddesassa
8,uddiṭṭhassa
8,avibhattassa
1,vibhajeyyā’’tiatha
1,‘‘ayaṃ
4,āyasmā
15,ānando
3,satthu
3,saṃvaṇṇito
3,sambhāvito
3,viññūnaṃ
3,sabrahmacārīnaṃ.
3,pahoti
3,cāyasmā
3,vibhajituṃ.
3,yaṃnūna
8,mayaṃ
5,yenāyasmā
3,tenupasaṅkameyyāma
15,upasaṅkamitvā
7,āyasmantaṃ
5,ānandaṃ
6,etamatthaṃ
1,paṭipuccheyyāmā’’ti.atha
8,bhikkhū
2,tenupasaṅkamiṃsu
2,āyasmatā
3,ānandena
12,saddhiṃ
1,sammodiṃsu.
1,sammodanīyaṃ
4,ekamantaṃ
2,nisīdiṃsu.
3,nisinnā
3,etadavocuṃ
1,–‘‘idaṃ
4,amhākaṃ
3,‘idaṃ
1,vibhajeyyāti
8,‘ayaṃ
2,paṭipuccheyyāmā’ti.
2,vibhajatāyasmā
1,ānando’’ti.‘‘seyyathāpi
1,sāratthiko
1,sāragavesī
1,sārapariyesanaṃ
1,rukkhassa…pe…
1,agaruṃ
1,karitvāti.‘‘tenahāvuso
1,suṇātha
17,sādhukaṃ
19,manasi
1,karotha
1,bhāsissāmī’’ti.
1,‘‘evamāvuso’’ti
2,āyasmato
2,ānandassa
1,paccassosuṃ.
4,etadavoca
2,–‘‘yaṃ
2,ājānāmi.
1,saḷāyatananirodhaṃ
2,sandhāya
1,bhāsitaṃ
1,ākaṅkhamānā
2,tumhe
1,āyasmanto
1,bhagavantaṃyeva
1,upasaṅkamatha
1,puccheyyātha.
1,byākaroti
1,dhāreyyāthā’’ti.‘‘evamāvuso’’ti
1,paṭissutvā
1,abhivādetvā
1,veditabbe’ti
1,vibhajeyyā’ti
1,tenupasaṅkamimha
1,paṭipucchimha.
3,imehi
1,ākārehi
1,padehi
1,byañjanehi
1,vibhatto’’ti.‘‘paṇḍito
1,mahāpañño
29,cepi
1,paṭipuccheyyātha
2,evamevaṃ
1,byākareyyaṃ
1,byākataṃ.
3,eso
1,cevetassa
1,attho.
1,evañca
1,dhāreyyāthā’’ti.
1,catutthaṃ.[paticcasamuppada].
1,‘kicchaṃ
1,jarāmaraṇassā’’’ti‘‘tassa
2,bhavo…
2,upādānaṃ…
2,taṇhā…
2,vedanā…
2,phasso…
2,saḷāyatanaṃ…
2,nāmarūpaṃ…
2,viññāṇaṃ…
5,honti
1,saṅkhārā’ti
2,‘avijjāya
2,avijjāpaccayā
1,saṅkhārā’’’ti.‘‘iti
4,hidaṃ
1,saṅkhārapaccayā
1,viññāṇaṃ…pe…
1,jarāmaraṇanirodho’’’ti.‘‘tassa
1,saṅkhāranirodho’ti
2,avijjānirodhā
1,saṅkhāranirodho’’’ti.‘‘iti
1,saṅkhāranirodho
1,saṅkhāranirodhā
1,viññāṇanirodho…pe…
1,udapādī’’ti.
1,dasamo.[ariyapariyesana].
1,‘‘ahampi
3,jātidhammo
2,jātidhammaṃyeva
7,pariyesāmi
1,jarādhammaṃyeva
1,byādhidhammaṃyeva
1,maraṇadhammaṃyeva
3,sokadhammo
1,sokadhammaṃyeva
3,saṃkilesadhammo
2,saṃkilesadhammaṃyeva
1,pariyesāmi.
1,samāno…pe…
3,samāno…
1,jātidhamme
28,viditvā
1,ajātaṃ
6,yogakkhemaṃ
5,pariyeseyyaṃ
1,jarādhamme
1,ajaraṃ
1,byādhidhamme
1,abyādhiṃ
1,maraṇadhamme
1,amataṃ
1,sokadhamme
1,asokaṃ
1,saṃkilesadhamme
1,asaṃkiliṭṭhaṃ
1,pariyeseyya’nti..
2,daharova
2,susukāḷakeso
2,bhadrena
2,yobbanena
2,samannāgato
2,paṭhamena
2,vayasā
2,akāmakānaṃ
2,mātāpitūnaṃ
2,assumukhānaṃ
2,rudantānaṃ
3,kesamassuṃ
3,ohāretvā
3,kāsāyāni
3,vatthāni
3,acchādetvā
2,pabbajiṃ.
2,pabbajito
1,kusalagavesī
1,[kiṃkusalaṃgavesī
4,santivarapadaṃ
4,pariyesamāno
13,āḷāro
13,kālāmo
1,tenupasaṅkamiṃ.
4,āḷāraṃ
4,kālāmaṃ
7,etadavocaṃ
3,‘icchāmahaṃ
4,kālāma
3,imasmiṃ
3,caritu’nti.
5,vutte
3,‘viharatāyasmā
7,tādiso
3,viññū
12,nacirasseva
3,sakaṃ
3,ācariyakaṃ
3,vihareyyā’ti.
5,khippameva
3,pariyāpuṇiṃ.
3,tāvatakeneva
3,oṭṭhapahatamattena
3,lapitalāpanamattena
3,ñāṇavādañca
3,vadāmi
3,theravādañca
3,‘jānāmi
3,passāmī’ti
3,paṭijānāmi
3,aññe
11,‘na
18,imaṃ
3,kevalaṃ
3,saddhāmattakena
7,viharāmīti
3,pavedeti
3,addhā
3,jānaṃ
3,passaṃ
1,viharatī’ti.[anapanasati]‘‘idha
1,araññagato
1,rukkhamūlagato
1,suññāgāragato
1,nisīdati
2,pallaṅkaṃ
2,ābhujitvā
1,ujuṃ
2,kāyaṃ
1,paṇidhāya
1,parimukhaṃ
1,satiṃ
1,upaṭṭhapetvā.
2,satova
1,assasati
1,passasati.
1,dīghaṃ
1,assasanto
1,‘dīghaṃ
1,assasāmī’ti
1,pajānāti…pe…
2,‘paṭinissaggānupassī
1,assasissāmī’ti
1,sikkhati
1,passasissāmī’ti
1,sikkhati.
8,bhāvito
17,ānāpānassatisamādhi
1,bahulīkato
1,mahapphalo
1,mahānisaṃso.‘‘ahampi
1,kilamati
2,cakkhūni
2,anupādāya
2,āsavehi
1,vimucci.‘‘tasmātiha
16,ākaṅkheyya
1,‘neva
1,kilameyya
1,vimucceyyā’ti
15,kātabbo.‘‘tasmātiha
1,gehasitā
1,sarasaṅkappā
1,pahīyeyyu’nti
1,‘appaṭikūle
2,paṭikūlasaññī
3,‘paṭikūle
2,appaṭikūlasaññī
2,appaṭikūle
1,‘appaṭikūlañca
1,paṭikūlañca
1,tadubhayaṃ
1,abhinivajjetvā
1,sampajāno’ti
1,‘vivicceva
1,‘vitakkavicārānaṃ
1,‘sukhassa
5,‘sabbaso
1,ananto
1,ākāsoti
1,anantaṃ
1,viññāṇanti
1,kātabbo.‘‘evaṃ
1,bhāvite
1,ānāpānassatisamādhimhi
1,bahulīkate
8,vedayati
1,sā
1,‘aniccā’ti
3,‘anajjhositā’ti
3,‘anabhinanditā’ti
2,‘sā
2,aniccā’ti
1,pajānāti’’.‘‘sukhaṃ
1,[so
3,ma.
3,ni.
3,.
1,aṭṭhakathāṭīkā
1,oloketabbā]
3,visaṃyutto
1,vedayati.
2,kāyapariyantikaṃ
4,vedayamāno
2,‘kāyapariyantikaṃ
4,vedayāmī’ti
2,jīvitapariyantikaṃ
2,‘jīvitapariyantikaṃ
2,‘kāyassa
2,jīvitapariyādānā
2,idheva
2,sabbavedayitāni
2,anabhinanditāni
2,sītībhavissantī’ti
1,pajānāti’’.‘‘seyyathāpi
1,telañca
1,vaṭṭiñca
1,telappadīpo
1,jhāyeyya
1,tasseva
1,telassa
1,vaṭṭiyā
1,pariyādānā
1,anāhāro
1,nibbāyeyya
1,pajānātī’’ti.
1,aṭṭhamaṃ.[ariyapariyesana].
1,‘‘kiñhi
4,siyā
123,aggivessana
1,idha
1,‘sambādho
1,rajāpatho
1,abbhokāso
1,pabbajjā.
2,nayidaṃ
2,sukaraṃ
1,agāraṃ
1,ajjhāvasatā
1,ekantaparipuṇṇaṃ
1,ekantaparisuddhaṃ
1,saṅkhalikhitaṃ
1,carituṃ.
1,pabbajeyya’nti.
1,[alaro
1,kalamo]so
3,kiṃkusalagavesī
6,tenupasaṅkamiṃ
1,viharatī’’’ti.‘‘atha
2,‘kittāvatā
4,pavedesī’ti
4,pavedesi.
5,āḷārasseva
5,kālāmassa
6,atthi
10,mayhaṃpatthi
2,sacchikiriyāya
2,padaheyya’nti.
2,vihāsiṃ.‘‘atha
4,‘ettāvatā
1,pavedemī’ti.
2,viharāmī’ti.
2,‘lābhā
2,suladdhaṃ
2,tādisaṃ
2,sabrahmacāriṃ
2,passāma.
2,yāhaṃ
1,pavedemi
11,tvaṃ
4,viharasi
2,tamahaṃ
1,pavedemi.
15,jānāmi
4,jānāsi
1,jānāmi.
4,yādiso
5,tuvaṃ
1,ahaṃ.
2,ehi
1,ubhova
1,santā
2,gaṇaṃ
1,pariharāmā’ti.
1,ācariyo
1,antevāsiṃ
1,samasamaṃ
2,ṭhapesi
2,uḷārāya
2,pūjāya
2,pūjesi.
2,‘nāyaṃ
2,nibbidāya
2,virāgāya
2,nirodhāya
2,upasamāya
2,abhiññāya
2,sambodhāya
2,nibbānāya
14,saṃvattati
1,ākiñcaññāyatanūpapattiyā’ti.
2,analaṅkaritvā
3,nibbijja
1,apakkamiṃ.[udaka
1,ramaputta].
6,udako
6,rāmaputto
3,udakaṃ
3,rāmaputtaṃ
2,[passa
1,pāsarāsisutte]
12,rāmo
1,vihāsī’ti.
5,rāmasseva
2,pavedesi
1,pavedesī’ti.
1,abhiññāsi
1,abhiññāsi.
1,pariharā’ti.
1,sabrahmacārī
1,ācariyaṭṭhāne
1,nevasaññānāsaññāyatanūpapattiyā’ti.
1,apakkamiṃ..
1,magadhesu
1,anupubbena
1,cārikaṃ
1,uruvelā
1,senānigamo
1,tadavasariṃ.
1,tatthaddasaṃ
2,ramaṇīyaṃ
1,bhūmibhāgaṃ
1,pāsādikañca
1,vanasaṇḍaṃ
1,nadiñca
1,sandantiṃ
1,setakaṃ
1,supatitthaṃ
2,samantā
1,gocaragāmaṃ.
1,‘ramaṇīyo
1,bhūmibhāgo
1,pāsādiko
1,vanasaṇḍo
1,nadī
1,sandati
1,setakā
1,supatitthā
1,ramaṇīyā
1,gocaragāmo.
1,alaṃ
1,vatidaṃ
1,kulaputtassa
1,padhānatthikassa
1,padhānāyā’ti.
3,tattheva
1,nisīdiṃ
1,‘alamidaṃ
1,padhānāyā’ti..
1,‘‘apissumaṃ
2,tisso
7,upamā
2,paṭibhaṃsu
7,anacchariyā
4,assutapubbā.
6,allaṃ
6,sasnehaṃ
5,nikkhittaṃ.
3,āgaccheyya
6,uttarāraṇiṃ
6,ādāya
3,‘aggiṃ
3,abhinibbattessāmi
6,tejo
3,pātukarissāmī’ti.
3,maññasi
3,amuṃ
3,nikkhittaṃ
3,abhimanthento
3,aggiṃ
3,abhinibbatteyya
3,pātukareyyā’’ti
2,‘‘no
3,gotama’’.
3,‘‘taṃ
3,hetu’’
3,‘‘aduñhi
3,gotama
4,tañca
2,kilamathassa
2,vighātassa
2,bhāgī
1,assā’’ti.
2,‘‘evameva
3,cittena
1,avūpakaṭṭhā
3,viharanti
3,nesaṃ
3,kāmacchando
3,kāmasneho
3,kāmamucchā
3,kāmapipāsā
3,kāmapariḷāho
3,suppahīno
3,suppaṭippassaddho
9,opakkamikā
9,tibbā
9,kharā
9,kaṭukā
7,vedayanti
4,abhabbāva
6,ñāṇāya
6,dassanāya
6,anuttarāya
6,sambodhāya.
5,paṭibhāsi
1,assutapubbā..
2,‘‘aparāpi
6,ārakā
6,udakā
6,thale
1,kiñcāpi
1,assāti.
2,vūpakaṭṭhā
1,assutapubbā’’..
3,tatiyā
3,sukkhaṃ
3,koḷāpaṃ
1,‘‘evaṃ
1,nikkhitta’’nti.
2,bhabbāva
1,assutapubbā.’’.
4,dantebhi
4,dantamādhāya
1,vitakkasaṇṭhānasutte]
4,tāluṃ
1,abhiniggaṇheyyaṃ
1,abhinippīḷeyyaṃ
1,abhisantāpeyya’nti.
1,abhiniggaṇhāmi
1,abhinippīḷemi
1,abhisantāpemi.
2,abhiniggaṇhato
2,abhinippīḷayato
2,abhisantāpayato
2,kacchehi
2,sedā
2,muccanti.
2,dubbalataraṃ
2,purisaṃ
4,sīse
1,khandhe
1,abhiniggaṇheyya
1,abhinippīḷeyya
1,abhisantāpeyya
6,āraddhaṃ
6,sāraddho
6,appaṭippassaddho
6,teneva
6,dukkhappadhānena
6,padhānābhitunnassa
6,sato.
13,evarūpāpi
17,uppannā
13,pariyādāya
4,tiṭṭhati..
5,appāṇakaṃyeva
5,jhāyeyya’nti.
15,mukhato
15,nāsato
5,assāsapassāse
5,uparundhiṃ.
10,assāsapassāsesu
10,uparuddhesu
2,kaṇṇasotehi
2,vātānaṃ
2,nikkhamantānaṃ
5,adhimatto
3,saddo
1,kammāragaggariyā
1,dhamamānāya
5,asammuṭṭhā.
4,tiṭṭhati.‘‘tassa
12,kaṇṇato
6,adhimattā
4,vātā
1,ūhananti
1,[ūhanti
1,ohananti
1,uhananti
2,tiṇhena
1,sikharena
2,abhimattheyya
1,[muddhānaṃ
1,abhimantheyya
1,muddhānaṃ
1,ūhananti.
2,sīsavedanā
1,daḷhena
1,varattakkhaṇḍena
1,[varattakabandhanena
1,sīsaveṭhaṃ
1,dadeyya
3,kucchiṃ
2,parikantanti.
1,dakkho
1,goghātako
1,goghātakantevāsī
1,govikantanena
1,parikanteyya
2,kāyasmiṃ
2,ḍāho
2,dve
1,balavanto
1,purisā
1,nānābāhāsu
1,aṅgārakāsuyā
1,santāpeyyuṃ
1,samparitāpeyyuṃ
4,tiṭṭhati.
2,apissu
43,devatā
6,evamāhaṃsu
1,‘kālaṅkato
11,samaṇo
4,gotamo’ti.
2,ekaccā
2,kālaṅkato
7,gotamo
1,kālaṅkarotī’ti.
2,napi
1,kālaṅkaroti
1,vihārotveva
2,[vihārotveveso
1,evarūpo
1,hotī’ti
1,arahato’’ti
3,āhārupacchedāya
1,paṭipajjeyya’nti.
2,mārisa
1,paṭipajji.
1,paṭipajjissasi
2,dibbaṃ
2,ojaṃ
2,lomakūpehi
1,ajjhohāressāma
1,[ajjhoharissāma
2,tāya
1,yāpessasī’ti.
1,‘ahañceva
1,ajajjitaṃ
1,[ajaddhukaṃ
1,jaddhukaṃ
1,paṭijāneyyaṃ
1,ajjhohāreyyuṃ
1,[ajjhohareyyuṃ
1,cāhaṃ
1,yāpeyyaṃ
1,mamassa
1,musā’ti.
1,paccācikkhāmi
1,‘hala’nti
1,vadāmi..
7,thokaṃ
7,āhāraṃ
2,āhāreyyaṃ
6,pasataṃ
18,yadi
3,muggayūsaṃ
3,kulatthayūsaṃ
3,kaḷāyayūsaṃ
1,hareṇukayūsa’nti.
3,āhāresiṃ
1,hareṇukayūsaṃ.
1,āhārayato
1,hareṇukayūsaṃ
2,adhimattakasimānaṃ
1,patto
1,āsītikapabbāni
1,kāḷapabbāni
1,aṅgapaccaṅgāni
3,bhavanti
8,tāyevappāhāratāya.
1,oṭṭhapadaṃ
1,ānisadaṃ
1,vaṭṭanāvaḷī
1,piṭṭhikaṇṭako
1,uṇṇatāvanato
1,jarasālāya
1,gopāṇasiyo
2,oluggaviluggā
1,phāsuḷiyo
1,gambhīre
1,udapāne
1,udakatārakā
2,gambhīragatā
2,okkhāyikā
1,akkhikūpesu
1,akkhitārakā
1,tittakālābu
1,āmakacchinno
1,vātātapena
1,saṃphuṭito
1,sammilāto
1,sīsacchavi
1,saṃphuṭitā
1,sammilātā
1,tāyevappāhāratāya.‘‘so
1,udaracchaviṃ
2,parimasissāmīti
1,piṭṭhikaṇṭakaṃyeva
2,pariggaṇhāmi
2,piṭṭhikaṇṭakaṃ
1,udaracchaviṃyeva
2,yāvassu
1,udaracchavi
1,allīnā
1,vaccaṃ
1,muttaṃ
1,karissāmīti
1,avakujjo
1,papatāmi
1,imameva
1,assāsento
2,gattāni
1,anumajjāmi.
1,anumajjato
1,pūtimūlāni
1,lomāni
1,kāyasmā
1,papatanti
3,manussā
1,‘kāḷo
2,ekacce
2,kāḷo
2,sāmo
1,maṅguracchavi
1,parisuddho
1,chavivaṇṇo
1,pariyodāto
1,upahato
1,tāyevappāhāratāya..
1,atītamaddhānaṃ
1,vedayiṃsu
3,etāvaparamaṃ
3,nayito
3,bhiyyo.
2,yepi
1,anāgatamaddhānaṃ
1,vedayissanti
1,imāya
1,kaṭukāya
1,dukkarakārikāya
1,adhigacchāmi
1,uttari
1,manussadhammā
1,alamariyañāṇadassanavisesaṃ.
1,añño
2,bodhāyā’ti
1,‘abhijānāmi
3,sakkassa
2,kammante
1,sītāya
1,jambucchāyāya
2,nisinno
1,viharitā.
1,satānusāri
1,‘eseva
1,bodhāyā’ti.
2,bhāyāmi
2,aññatreva
2,aññatra
1,dhammehī’ti
2,kammante…pe…
1,viharitāti
1,kira
1,vappamaṅgaladivaso
1,tadā
1,anekappakāraṃ
1,khādanīyaṃ
1,bhojanīyaṃ
1,paṭiyādenti.
1,nagaravīthiyo
1,sodhāpetvā
1,puṇṇaghaṭe
1,ṭhapāpetvā
1,dhajapaṭākādayo
1,ussāpetvā
1,sakalanagaraṃ
1,devavimānaṃ
1,alaṅkaronti.
1,sabbe
1,dāsakammakarādayo
1,ahatavatthanivatthā
1,gandhamālādipaṭimaṇḍitā
1,rājakule
1,sannipatanti.
1,naṅgalasatasahassaṃ
1,yojīyati.
1,divase
1,ekena
1,ūnaṃ
1,aṭṭhasataṃ
1,yojenti.
1,sabbanaṅgalāni
1,balibaddarasmiyottehi
1,jāṇussoṇissa
1,ratho
1,rajataparikkhittāni
1,ālambananaṅgalaṃ
1,rattasuvaṇṇaparikkhittaṃ
1,balibaddānaṃ
1,siṅgānipi
1,rasmipatodāpi
1,suvaṇṇaparikkhittā
1,mahāparivārena
1,nikkhamanto
1,agamāsi.kammantaṭṭhāne
1,jamburukkho
1,bahalapattapalāso
1,sandacchāyo
1,heṭṭhā
1,kumārassa
1,sayanaṃ
1,paññapetvā
1,upari
1,suvaṇṇatārakakhacitaṃ
1,vitānaṃ
1,bandhāpetvā
1,sāṇipākārena
1,parikkhipāpetvā
1,ārakkhaṃ
1,ṭhapetvā
1,sabbālaṅkāraṃ
1,alaṅkaritvā
1,amaccagaṇaparivuto
1,naṅgalakaraṇaṭṭhānaṃ
1,agamāsi.
1,suvaṇṇanaṅgalaṃ
1,gaṇhāti.
1,amaccā
1,ekenūnaaṭṭhasatarajatanaṅgalāni
6,ito
2,cito
1,kasanti.
1,orato
1,pāraṃ
1,pārato
1,oraṃ
1,etasmiṃ
1,ṭhāne
1,mahāsampatti
2,bodhisattaṃ
1,parivāretvā
3,dhātiyo
1,sampattiṃ
1,passissāmāti
1,antosāṇito
1,bahi
1,nikkhantā.
1,olokento
1,kañci
1,adisvā
2,vegena
1,uṭṭhāya
1,ānāpāne
1,pariggahetvā
2,paṭhamajjhānaṃ
1,nibbattesi.
1,khajjabhojjantare
1,vicaramānā
1,cirāyiṃsu
1,sesarukkhānaṃ
2,chāyā
2,nivattā
1,rukkhassa
2,parimaṇḍalā
1,aṭṭhāsi.
1,ayyaputto
1,ekakoti
1,sāṇiṃ
1,ukkhipitvā
1,anto
1,pavisamānā
1,sayane
1,nisinnaṃ
2,pāṭihāriyaṃ
1,ārocayiṃsu
1,‘‘kumāro
1,deva
1,rukkhānaṃ
1,jamburukkhassa
1,ṭhitā’’ti.
1,vegenāgantvā
1,tāta
1,vandana’’nti
1,vandi.
1,idametaṃ
1,vuttaṃ
1,‘‘pitu
1,viharitā’’ti.
1,bodhāyāti
1,bhaveyya
2,ānāpānassatipaṭhamajjhānaṃ
1,bujjhanatthāya
1,maggoti.
1,satānusāriviññāṇanti
1,bhavissatīti
4,ekaṃ
1,vāre
1,uppannasatiyā
1,anantaraṃ
1,uppannaviññāṇaṃ
1,satānusāriviññāṇaṃ
1,nāma.
1,sukhanti
1,adhigantuṃ
1,pattakāyena
4,oḷārikaṃ
1,odanakummāsa’nti.
1,odanakummāsaṃ.
1,tena
1,[pañcavaggiyā
1,paccupaṭṭhitā
1,adhigamissati
1,ārocessatī’ti.
1,odanakummāsaṃ
1,pakkamiṃsu
1,‘bāhulliko
1,[bāhuliko
1,saṃghabhedasikkhāpadaṭīkāya
1,sameti]
1,padhānavibbhanto
1,āvatto
1,bāhullāyā’ti..
1,āhāretvā
1,balaṃ
1,sampajāno.
4,āneñjappatte
2,pubbenivāsānussatiñāṇāya
4,abhininnāmesiṃ.
1,anussarāmi
2,jātiṃ…pe…
3,anussarāmi.
4,rattiyā
2,paṭhame
4,yāme
4,adhigatā
4,avijjā
4,vihatā
4,tamo
4,vihato
8,appamattassa
9,ātāpino
4,viharato.
1,sattānaṃ
1,cutūpapātañāṇāya
15,passāmi
1,pajānāmi…pe…
1,majjhime
1,khayañāṇāya
1,dukkha’nti
1,dukkhasamudayo’ti
1,dukkhanirodho’ti
1,dukkhanirodhagāminī
2,paṭipadā’ti
1,āsavā’ti
1,āsavasamudayo’ti
1,āsavanirodho’ti
1,āsavanirodhagāminī
1,jānato
1,passato
1,kāmāsavāpi
2,vimuccittha
1,bhavāsavāpi
1,avijjāsavāpi
1,vimuccittha.
1,vimuttasmiṃ
1,vimuttamiti
1,‘khīṇā
1,vusitaṃ
1,kataṃ
1,karaṇīyaṃ
1,nāparaṃ
1,itthattāyā’ti
1,tiṭṭhati.[the
1,devine
1,eye
1,defilements].
1,‘‘sādhu
39,anuruddhā
1,appamattānaṃ
1,ātāpīnaṃ
1,pahitattānaṃ
1,viharataṃ
1,uttarimanussadhammā
1,alamariyañāṇadassanaviseso
1,phāsuvihāro’’ti
1,‘‘idha
1,viharantā
12,obhāsañceva
1,sañjānāma
26,dassanañca
22,rūpānaṃ.
22,obhāso
22,antaradhāyati
2,nimittaṃ
1,nappaṭivijjhāmā’’ti.‘‘taṃ
1,paṭivijjhitabbaṃ.
2,rūpāna’nti
3,‘vicikicchā
1,vicikicchādhikaraṇañca
15,cavi.
15,samādhimhi
15,cute
13,sohaṃ
11,karissāmi
11,puna
1,uppajjissatī’’’ti.‘‘so
8,appamatto
8,ātāpī
8,pahitatto
3,‘amanasikāro
1,amanasikārādhikaraṇañca
10,uppajjissati
1,amanasikāro’’’ti.‘‘so
8,anuruddhā…pe…
3,‘thinamiddhaṃ
1,thinamiddhādhikaraṇañca
10,amanasikāro
1,thinamiddha’’’nti.‘‘so
3,‘chambhitattaṃ
2,chambhitattādhikaraṇañca
1,addhānamaggappaṭipanno
1,ubhatopasse
1,vaṭṭakā
1,[vadhakā
1,uppateyyuṃ
9,tatonidānaṃ
11,chambhitattaṃ
1,chambhitatta’’’nti.‘‘so
3,‘uppilaṃ
1,[ubbillaṃ
1,ubbilaṃ
2,uppilādhikaraṇañca
1,nidhimukhaṃ
1,gavesanto
1,sakideva
1,pañcanidhimukhāni
1,adhigaccheyya
10,uppilaṃ
1,uppila’’’nti.‘‘so
3,‘duṭṭhullaṃ
1,duṭṭhullādhikaraṇañca
1,duṭṭhulla’’’nti.‘‘so
3,‘accāraddhavīriyaṃ
2,accāraddhavīriyādhikaraṇañca
1,ubhohi
1,hatthehi
2,vaṭṭakaṃ
1,gāḷhaṃ
2,gaṇheyya
1,patameyya
1,[matameyya
1,pa
1,eyya
1,patameyya-iti
7,accāraddhavīriyaṃ
7,duṭṭhullaṃ
1,accāraddhavīriya’’’nti.‘‘so
3,‘atilīnavīriyaṃ
2,atilīnavīriyādhikaraṇañca
1,sithilaṃ
1,hatthato
1,uppateyya
6,atilīnavīriyaṃ
1,atilīnavīriya’’’nti.‘‘so
3,‘abhijappā
1,abhijappādhikaraṇañca
1,abhijappā’’’ti.‘‘so
3,‘nānattasaññā
1,nānattasaññādhikaraṇañca
3,abhijappā
1,nānattasaññā’’’ti.‘‘so
1,rūpāna’nti.
3,‘atinijjhāyitattaṃ
1,atinijjhāyitattādhikaraṇañca
2,nānattasaññā
3,atinijjhāyitattaṃ
1,rūpāna’’’nti..
45,cittassa
22,upakkileso’ti
1,vicikicchaṃ
11,upakkilesaṃ
10,pajahiṃ
1,amanasikāraṃ
1,abhijappaṃ
1,nānattasaññaṃ
1,pajahiṃ..
3,obhāsañhi
21,rūpāni
9,obhāsaṃ
1,‘kevalampi
17,kevalampi
6,divaṃ
1,[divasaṃ
1,rattindivaṃ’
2,yvāhaṃ
9,samaye
2,rattindiva’nti.
1,‘yasmiñhi
2,rūpanimittaṃ
2,amanasikaritvā
2,obhāsanimittaṃ
5,karomi
2,passāmi.
2,yasmiṃ
1,rattindiva’’’nti.‘‘so
3,parittañceva
3,parittāni
3,appamāṇañceva
3,appamāṇāni
1,rattindivaṃ.
1,‘yasmiṃ
1,paritto
1,parittaṃ
1,parittena
1,appamāṇo
1,appamāṇaṃ
1,appamāṇena
1,rattindiva’’’nti..
11,upakkileso
11,pahīno
1,ahosi..
1,upakkilesā
1,pahīnā.
1,handa
1,dānāhaṃ
1,tividhena
1,bhāvemī’ti
1,[bhāvesinti
1,savitakkampi
1,[bhāvemi
2,avitakkampi
1,vicāramattaṃ
1,sappītikampi
1,nippītikampi
1,sātasahagatampi
1,upekkhāsahagatampi
1,bhāvesiṃ.
1,savitakkopi
1,savicāro
2,avitakkopi
1,vicāramatto
1,avicāro
1,sappītikopi
1,nippītikopi
1,sātasahagatopi
1,upekkhāsahagatopi
2,akuppā
1,cetovimutti.
1,punabbhavo’’ti.==.
1,gayāyaṃ
1,gayāsīse.
1,āmantesi…pe…
1,‘‘pubbāhaṃ
1,obhāsaññeva
1,passāmi’’.‘‘tassa
4,sañjāneyyaṃ
4,passeyyaṃ
4,ñāṇadassanaṃ
4,parisuddhataraṃ
4,assā’’’ti.‘‘so
7,tāhi
10,devatāhi
4,santiṭṭhāmi
4,sallapāmi
7,sākacchaṃ
1,samāpajjāmi.‘‘tassa
3,santiṭṭheyyaṃ
3,sallapeyyaṃ
3,samāpajjeyyaṃ
3,samāpajjāmi
10,amukamhā
1,devanikāyāti.‘‘tassa
6,jāneyyaṃ
4,devanikāyā’ti
15,‘imā
6,kammassa
6,vipākena
4,cutā
1,upapannā’ti…pe…
3,upapannā’ti
4,evamāhārā
4,evaṃsukhadukkhappaṭisaṃvediniyo’ti
4,evaṃdīghāyukā
1,evaṃciraṭṭhitikā’ti…pe…
3,evaṃciraṭṭhitikā’ti
2,imāhi
3,sannivutthapubbaṃ
1,sannivutthapubbanti.‘‘tassa
1,sannivutthapubbanti
1,sannivutthapubbanti.‘‘yāvakīvañca
2,aṭṭhaparivaṭṭaṃ
2,adhidevañāṇadassanaṃ
2,suvisuddhaṃ
2,‘sadevake
1,punabbhavo’’ti.
1,catutthaṃ.[dvedha
1,vitakka]‘‘pubbeva
2,dvidhā
2,katvā
1,vitakke
2,cāyaṃ
1,kāmavitakko
1,byāpādavitakko
1,vihiṃsāvitakko
1,bhāgamakāsiṃ
1,nekkhammavitakko
1,abyāpādavitakko
1,avihiṃsāvitakko
1,bhāgamakāsiṃ..
2,kāmavitakko.
4,pajānāmi
4,‘uppanno
2,attabyābādhāyapi
2,parabyābādhāyapi
2,ubhayabyābādhāyapi
2,paññānirodhiko
4,vighātapakkhiko
1,anibbānasaṃvattaniko’
1,[anibbānasaṃvattaniko’’ti
2,‘attabyābādhāya
6,saṃvattatī’tipi
8,abbhatthaṃ
2,‘parabyābādhāya
2,‘ubhayabyābādhāya
2,‘paññānirodhiko
2,anibbānasaṃvattaniko’tipi
2,uppannuppannaṃ
4,kāmavitakkaṃ
2,pajahameva
2,[atītakālikakiriyāpadāniyeva]
2,vinodameva
2,byantameva
1,[byanteva
1,akāsiṃ..
1,byāpādavitakko…pe…
2,vihiṃsāvitakko.
1,anibbānasaṃvattaniko’.
4,vihiṃsāvitakkaṃ
1,akāsiṃ.‘‘yaññadeva
6,bahulamanuvitakketi
6,anuvicāreti
2,nati
2,cetaso.
4,pahāsi
2,nekkhammavitakkaṃ
4,bahulamakāsi
1,kāmavitakkāya
4,namati.
1,byāpādavitakkaṃ
2,bhikkhave…pe…
2,avihiṃsāvitakkaṃ
1,vihiṃsāvitakkāya
1,vassānaṃ
1,saradasamaye
1,kiṭṭhasambādhe
3,gopālako
3,gāvo
1,rakkheyya.
1,daṇḍena
1,ākoṭeyya
1,paṭikoṭeyya
1,sannirundheyya
1,sannivāreyya.
1,vadhaṃ
1,bandhanaṃ
1,jāniṃ
1,garahaṃ
1,vā.
1,akusalānaṃ
1,okāraṃ
1,saṃkilesaṃ
1,kusalānaṃ
1,vodānapakkhaṃ..
2,nekkhammavitakko.
2,nevattabyābādhāya
2,parabyābādhāya
2,ubhayabyābādhāya
2,paññāvuddhiko
2,avighātapakkhiko
2,nibbānasaṃvattaniko’.
6,anuvitakkeyyaṃ
6,anuvicāreyyaṃ
6,bhayaṃ
6,samanupassāmi.
2,divasaṃ
2,aticiraṃ
2,anuvitakkayato
2,anuvicārayato
2,kilameyya.
2,kāye
2,kilante
1,[kilamante
2,ūhaññeyya.
2,ūhate
2,ārā
2,samādhimhāti.
2,ajjhattameva
2,saṇṭhapemi
2,sannisādemi
2,ekodiṃ
1,[ekodi
2,samādahāmi.
1,ūhaññī’ti
1,[ugghāṭīti
1,ūhanīti
1,abyāpādavitakko…pe…
2,avihiṃsāvitakko.
1,ūhaññī’ti.‘‘yaññadeva
1,nekkhammavitakkañce
1,tassaṃ
1,nekkhammavitakkāya
1,abyāpādavitakkañce
1,avihiṃsāvitakkañce
1,avihiṃsāvitakkāya
1,gimhānaṃ
1,sabbasassesu
1,gāmantasambhatesu
1,rakkheyya
1,rukkhamūlagatassa
1,abbhokāsagatassa
2,satikaraṇīyameva
1,‘etā
1,[ete
1,gāvo’ti.
1,‘ete
1,dhammā’ti..
